"Vendor.Name","Sum(Line.Total)","Mean(Unit.Price)","Count(NIGP.Description)","Count*(Line.Total)","Risk_Level"
"1 ADVANCED ENTERPRISES LLC",305493.05964,119.95161277666003,994,994,"Low Risk"
"1 STOP SUPPLY LLC",649.928,47.24425,8,8,"Low Risk"
"1 TAILORED ECOMMERCE LLC",15337,384.91666666666663,12,12,"Low Risk"
"2 PROCUREMENT LLC",21344.460000000003,156.95250000000001,48,48,"Low Risk"
"20-20 TECHNOLOGIES COMMERCIAL CORP",14537.99998,1038.42857,2,2,"Low Risk"
"22ND CENTURY TECHNOLOGIES INC",2309825.1566000003,30.1510294117647,204,204,"Medium Risk"
"22ND CENTURY TECHNOLOGIES, INC.",426932.36200000014,24.115789473684206,38,38,"Low Risk"
"3M COMPANY",5169379.810899991,4.226025817490491,526,526,"High Risk"
"A & M SUPPLY CORPORATION",2828754.042200003,92.12709225950789,894,894,"Medium Risk"
"A M DAVIS INC",128121.33600000001,995.6483606557376,122,122,"Low Risk"
"ABACUS CORPORATION",106002.1872,26.208,10,10,"Low Risk"
"ABACUS OFFICE SOLUTIONS LLC",144.88,25.51,4,4,"Low Risk"
"ACCESS OFFICE PRODUCTS LLC",4207.059999999999,19.969000000000005,60,60,"Low Risk"
"ACCURATE COURIER EXPRESS",740.84,370.42,2,2,"Low Risk"
"ADAMS WOOD PRODUCTS INC",301.04,37.63,2,2,"Low Risk"
"ADVANTAGE SUPPLY CENTER INC",35513.96,148.9119660377358,106,106,"Low Risk"
"ADVERTISING PROMOTIONS AND DESIGN LLC",42606.6,104.90351190476187,84,84,"Low Risk"
"AFP INDUSTRIES INC",846.94,96.8675,8,8,"Low Risk"
"AIR COMPRESSOR SERVICES",24254,12127,2,2,"Low Risk"
"AKZO NOBEL COATINGS INC",158224.2792,29.404623571428576,84,84,"Low Risk"
"ALL ABOUT LAWNS INC",1854,463.5,4,4,"Low Risk"
"ALLCITY LABEL & TAG CO",68876.34,0.5841666666666665,24,24,"Low Risk"
"AMCON LABORATORIES INC",422.14,61.35666666666667,6,6,"Low Risk"
"AMERICAN & EFIRD LLC",370004.25046,13.279147960526325,304,304,"Low Risk"
"AMERICAN WELDING & CONSTRUCTION SUPPLY",777,129.5,2,2,"Low Risk"
"AMWEAR USA",21785.689999999988,58.40791666666667,72,72,"Low Risk"
"APPLE DOOR SYSTEMS INC",8076,2019,4,4,"Low Risk"
"ARC-COM FABRICS INC",41924.18,55.1975,24,24,"Low Risk"
"ARC3 GASES",38550.704,78.29709375,192,192,"Low Risk"
"ARCET EQUIPMENT COMPANY",1852.7199999999998,44.79666666666667,24,24,"Low Risk"
"ARCHITEX INTERNATIONAL",14640,80,4,4,"Low Risk"
"ATD-AMERICAN CO",98778.96,9.87,2,2,"Low Risk"
"ATHENA CONSULTING",78801.97519999999,26.667500000000004,8,8,"Low Risk"
"ATHENA CONSULTING LLC",694625.2763999999,24.977419354838712,62,62,"Low Risk"
"ATLANTA ATTACHMENT COMPANY",4519.8,110.31562499999998,32,32,"Low Risk"
"ATLANTA ATTACHMENT COMPANY INC",16613.61999999999,97.62153846153846,104,104,"Low Risk"
"ATLANTIC GRAPHIC SYSTEMS INC",384,36,4,4,"Low Risk"
"ATLANTIC TEXTILES CO.",1655562.0858000005,1.8734210526315793,228,228,"Medium Risk"
"ATLAS COPCO COMPRESSORS LLC",46156.12,3296.8657142857146,14,14,"Low Risk"
"AUTUMN HOUSE INC",0,168.53,2,2,"Low Risk"
"B & G LIEBERMAN CO INC",19395.201500000003,0.8339615789473684,38,38,"Low Risk"
"B W WILSON PAPER CO INC",7112851.943239993,58.80018976666671,1200,1200,"High Risk"
"B3 ENTERPRISES LLC",136.98,13.4725,8,8,"Low Risk"
"BALL OFFICE PRODUCTS",583.94,40.51166666666667,12,12,"Low Risk"
"BARBER MTV INC",6203.199999999999,180.47142857142856,28,28,"Low Risk"
"BAY DIESEL CORPORATION",38.76,19.38,2,2,"Low Risk"
"BAY DISPOSAL INCORPORATED",11552.359999999999,236.49478260869554,46,46,"Low Risk"
"BAY PRODUCT DEVELOPMENT LLC",2170027.2400000044,196.06635338345893,1596,1596,"Medium Risk"
"BENJ FRANKLIN PRINTING CO",11794.008,249.875315,24,24,"Low Risk"
"BERZACK INC",1876.3,28.929411764705875,34,34,"Low Risk"
"BEST BUTTON & TRIM INC",2776.5,0.03125,4,4,"Low Risk"
"BFI WAST SERVICES LLC",24981.82,356.88314285714296,70,70,"Low Risk"
"BFI WASTE SERVICES LLC",41251.37999999999,1289.105625,32,32,"Low Risk"
"BFPE INTERNATIONAL",18204.399999999998,374.7000000000001,32,32,"Low Risk"
"BLOCKHOUSE INC",135786.8,264.4123076923077,26,26,"Low Risk"
"BOB BARKER COMPANY, INC.",120.54,60.27,2,2,"Low Risk"
"BOWMAN SALES & EQUIPMENT INC",1407901.36,65.125,8,8,"Medium Risk"
"BOXWOOD SALES LLC",320,33.75,8,8,"Low Risk"
"BRAIN POWER INCORPORATED",2371.06,31.485,24,24,"Low Risk"
"BRIGHT HORIZON LOGISTICS LLC",500000,1,2,2,"Low Risk"
"BROAD SERVICES LLC",1867.2,180.69599999999997,10,10,"Low Risk"
"BROCKS B B Q INC",4886.14,1221.5349999999999,4,4,"Low Risk"
"BRODER BROS CO",866272.2999999993,540.3885633802817,994,994,"Low Risk"
"BUG BUSTERS PEST CONTROL SERVICES",1060,265,4,4,"Low Risk"
"BUILDING INDUSTRIAL SUPPLIES",23.08,5.77,2,2,"Low Risk"
"BURLINGTON INDUSTRIES LLC",296136.75720000005,3.9785714285714295,14,14,"Low Risk"
"BUSINESS SERVICES",739.96,369.98,2,2,"Low Risk"
"BW PEST & HOME SOLUTIONS",270,135,2,2,"Low Risk"
"BW PEST SOLUTIONS",810,135,6,6,"Low Risk"
"C & B OPERATIONS LLC",308.58,11.965,12,12,"Low Risk"
"C F STINSON INC",338734.49999999994,43.337570093457934,214,214,"Low Risk"
"CAPITAL ELECTRIC SUPPLY",857.4,28.58,2,2,"Low Risk"
"CARNEGIE FABRICS INC.",22870,50.37499999999999,16,16,"Low Risk"
"CARR TEXTILE CORPORATION",10176,0.24,4,4,"Low Risk"
"CASUAL ADVENTURE",382.56,7.97,2,2,"Low Risk"
"CENTRAL TIME CLOCK INC",116.5,58.25,2,2,"Low Risk"
"CH BRIGGS",62236.240000000005,1.3086274509803926,102,102,"Low Risk"
"CHARLES RIVER APPAREL",5894.04,297.8770000000001,20,20,"Low Risk"
"CHARTER INDUSTRIES",200579.8364,0.33193995024875617,402,402,"Low Risk"
"CHESAPEAKE PACKAGING PRODUCTS INC",264991.61999999994,127.83435068493152,146,146,"Low Risk"
"CITRON HYGIENE US CORP",5177.5199999999995,196.67692307692315,26,26,"Low Risk"
"CLEAN HARBORS ENVIRONMENTAL SERVICES INC",1312.28,656.14,2,2,"Low Risk"
"COBURN TECHNOLOGIES",1467.02,183.3775,8,8,"Low Risk"
"COMMONWEALTH GALVANIZING COMPANY LLC",63571.864,4.234133333333333,30,30,"Low Risk"
"COMPLETE PRODUCTS",59681.92000000002,212.93087719298248,114,114,"Low Risk"
"CONSOLIDATED MARKETING",167920,83960,2,2,"Low Risk"
"CONSOLIDATED MARKETING LLC",1910,477.5,4,4,"Low Risk"
"CONSOLIDATED SALES & SERVICE LLC",104068.71999999996,291.0680672268906,238,238,"Low Risk"
"CORRUGATED CONTAINER CORP",966583.2519999999,26.61789947089947,378,378,"Low Risk"
"COTSWOLD INDUSTRIES INC",1387162.356,3.1045405405405417,74,74,"Medium Risk"
"COUNTY WASTE",26431.2,3303.8999999999996,8,8,"Low Risk"
"COUNTY WASTE LLC",5625.54,2812.77,2,2,"Low Risk"
"CROWN LIFT TRUCKS",2070,1035,2,2,"Low Risk"
"CSC SALES TEAM LLC.",1529.22,69.62857142857142,14,14,"Low Risk"
"D & L SUPPLY INC",17258.56,59.0022475,8,8,"Low Risk"
"DAC TECHNOLOGIES",909.6,64.27375,16,16,"Low Risk"
"DAC VISION INCORPORATED",7594.699999999999,93.23766666666666,60,60,"Low Risk"
"DACO LIMITED PARTNERSHIP",511351.89999999985,478.07077669902907,206,206,"Low Risk"
"DALY COMPUTERS INC",326390.32,873.171038961039,154,154,"Low Risk"
"DAVIS & GREEN INC",1280,640,2,2,"Low Risk"
"DAVIS PRODUCTS CO",999.82,25.617500000000003,16,16,"Low Risk"
"DBA SMITH CORONA LABELS AND RIBBONS",1242,207,6,6,"Low Risk"
"DELL MARKETING LP",60786.04,768.2286666666668,30,30,"Low Risk"
"DENTAL HEALTH PRODUCTS INC",121.1,10.85,4,4,"Low Risk"
"DEPARTMENT OF GENERAL SERVICES",23046.89999999999,49.99651162790698,86,86,"Low Risk"
"DESIGNTEX",11108,52,4,4,"Low Risk"
"DIAMOND CHEMICAL COMPANY INC.",152900,1.39,4,4,"Low Risk"
"DIAMOND SPRINGS WATER INC",415.59999999999997,51.95,8,8,"Low Risk"
"DIXIE SEWING MACHINE CO INC",21474.26000000001,29.726766467065865,334,334,"Low Risk"
"DLW INC",178848,283.44444444444446,18,18,"Low Risk"
"DOCUMENT DESTRUCTION OF VIRGINIA LLC",14947.2,2491.2000000000003,6,6,"Low Risk"
"DOMESTIC UNIFORM RENTAL",41456,482.0465116279071,86,86,"Low Risk"
"DOMINION CHEMICAL COMPANY",2376,148.5,2,2,"Low Risk"
"DOUG MOCKETT & CO",3448.8,287.4,2,2,"Low Risk"
"DOUGLASS INDUSTRIES, INC.",97458.269,23.190000000000005,36,36,"Low Risk"
"DUNLAP INDUSTRIES INC",103139.76000000001,0.4051793103448275,58,58,"Low Risk"
"DXI CONSTRUCTION INC",132,33,2,2,"Low Risk"
"DYNA-MIX INCORPORATED",212376.23199999996,3.1684285714285716,14,14,"Low Risk"
"E R ABERNATHY INDUSTRIAL INC",31820.1,129.35,4,4,"Low Risk"
"EAGLE FIRE INC.",4925,820.8333333333333,6,6,"Low Risk"
"EAHEART INDUSTRIAL SERVICE INC",50952.52,440.0644642857142,112,112,"Low Risk"
"EAST COAST EMERGENCY VEHICLES LLC",247043.09999999998,2337.4500000000003,20,20,"Low Risk"
"EASTMAN CHEMICAL COMPANY/DBA CP FILMS, INC.",7848,3.27,4,4,"Low Risk"
"EDMUNDS WASTE REMOVAL INC",1829.72,88.44444444444443,18,18,"Low Risk"
"EDWARDS BUSINESS MACHINES  INC",145510.24,18188.78,8,8,"Low Risk"
"EDWARDS GARMENT COMPANY",5547.639999999999,117.41684210526314,38,38,"Low Risk"
"EIGHT TO EIGHTY EYEWEAR",9613.5,3.5823529411764703,34,34,"Low Risk"
"ELEGANT DRAPERIES LTD",27331.9,90.41428571428571,14,14,"Low Risk"
"ELITE TEXTILE TRADING LLC",348294.858,3.4888888888888885,18,18,"Low Risk"
"ENTERPRISE LEASING CO OF NORFOLK RICHMON",280000,1,12,12,"Low Risk"
"ENTHALPY ANALYTICAL",148.32,74.16,2,2,"Low Risk"
"ENVIROCOMPLIANCE LABORATORIES, INC.",540,135,6,6,"Low Risk"
"ENVIROSERVE CHEMICALS INC",21376.720000000005,656.585,20,20,"Low Risk"
"EREPLACEMENTPARTS COM",1554,52.02,10,10,"Low Risk"
"EXPRESS ELECTRIC COMPANY",2050,1025,2,2,"Low Risk"
"FARCO PLASTICS",14983.2,2.7356249999999998,4,4,"Low Risk"
"FASTENAL COMPANY",5748.6579999999985,13.121400000000001,36,36,"Low Risk"
"FAYES OFFICE SUPPLY",2021.52,66.465,4,4,"Low Risk"
"FEA INDUSTRIES INC",1396311.8016599081,15.614989118340384,8484,8484,"Medium Risk"
"FERRELLGAS LP",60007.995,1462.72,40,40,"Low Risk"
"FIDELITY PRINTING INC",7424.6,265.16428571428565,28,28,"Low Risk"
"FINISH LINE DIE CUTTING LLC",124144,583.2892079207924,202,202,"Low Risk"
"FIRST PIEDMONT CORPORATION",2403.58,198.84,8,8,"Low Risk"
"FOSTER FUELS INC",129359.11309999997,1678.5274005263157,76,76,"Low Risk"
"FOUR SEASON RECYCLING & TRADING LLC",3400,260.8333333333333,12,12,"Low Risk"
"FREE RECYCLING QUOTES",2000,1000,2,2,"Low Risk"
"FULTERER USA",23100,10.655,4,4,"Low Risk"
"G A BRAUN INC",11479.059999999996,171.77375000000004,48,48,"Low Risk"
"G GOLDBERG CO INC",24387.75,3.0155999999999996,10,10,"Low Risk"
"GAME SPORTSWEAR LTD",658.14,31.66142857142857,14,14,"Low Risk"
"GENUINE PARTS CO",457.44,9.53,4,4,"Low Risk"
"GERICHARDS GRAPHIC SUPPLIES OF VA INC",32620.04,502.084761904762,42,42,"Low Risk"
"GFL HOLDCO US LLC",31370.78,2240.7700000000004,14,14,"Low Risk"
"GLOBAL INDUSTRIAL EQUIPMENT CO",4376.2,481.775,4,4,"Low Risk"
"GRANTS GLASS INC",5984,8.5,2,2,"Low Risk"
"GRAPHIC ENTERPRISES INC",91.34,45.67,2,2,"Low Risk"
"GRAPHIC SIGN WORX LLC",13841.28,0.00801,2,2,"Low Risk"
"GRUBB PRINTING & STAMP COMPANY",39.879999999999995,9.969999999999999,4,4,"Low Risk"
"HACKWORTH REPROGRAPHICS INC",1100,150,4,4,"Low Risk"
"HAFELE AMERICA CO",352007.0655999998,3.741455116279072,258,258,"Low Risk"
"HARODITE INDUSTRIES INC",63078.12400000001,2.098736153846154,26,26,"Low Risk"
"HART SPECIALTIES INC",55576.5,3.95,440,440,"Low Risk"
"HEIDELBERG USA",59916.86,597.222,10,10,"Low Risk"
"HENDERSON SEWING MACHINE CO INC",44458.65999999997,39.50816618911171,698,698,"Low Risk"
"HENRY SCHEIN INC",9516.679999999997,50.07228571428572,70,70,"Low Risk"
"HICKORY BRANDS INC",2080.8,0.17,2,2,"Low Risk"
"HIRSCH SOLUTIONS INC",6855.7,571.3083333333334,12,12,"Low Risk"
"HIT PROMOTIONAL PRODUCTS INC",65334.93999999998,143.65791304347826,46,46,"Low Risk"
"HOMESTEAD MATERIALS HANDLING CO.",1968.5000000000002,19.946428571428566,14,14,"Low Risk"
"HOOD CONTAINER CORPORATION",38815.060000000005,0.6,14,14,"Low Risk"
"HOOD INDUSTRIES INC",62093.4727,1.3739864,100,100,"Low Risk"
"HOWARD INDUSTRIES",178923.97999999992,309.88249999999994,112,112,"Low Risk"
"HOWARD UNIFORM COMPANY",4053.1200000000003,42.22,10,10,"Low Risk"
"HOYA OPTICAL LABS OF AMERICA",14046.4,8.783157894736844,38,38,"Low Risk"
"HUMANSCALE CORPORATION",32717.5,632.6681818181818,22,22,"Low Risk"
"HUNKAR DATA & BAR CODE SYSTEMS INC",10828.524,50.432500000000005,40,40,"Low Risk"
"HYDRAULIC EQUIPMENT SERVICE COMPANY, INC",22854,5713.5,4,4,"Low Risk"
"INDUSTRIAL PRODUCTS AND SALES",7428,72.25,4,4,"Low Risk"
"INGERSOLL-RAND CO",2040,195.25000000000003,8,8,"Low Risk"
"INK SYSTEMS LLC",86.4,43.2,2,2,"Low Risk"
"INK2WORK LLC",48464.34,24232.17,2,2,"Low Risk"
"INKCUPS",248095.27999999997,775.0438686131384,274,274,"Low Risk"
"INSPIRED ELECTRICAL SOLUTIONS INC",6165.76,3082.88,2,2,"Low Risk"
"INSTALLATION SERVICES AND DELIVERY INC",339496,2829.133333333335,120,120,"Low Risk"
"INTERNATIONAL PAPER COMPANY",242.82,60.705,4,4,"Low Risk"
"INTERSTATE NARROW FABRICS, INC.",19200,1.2,2,2,"Low Risk"
"INTOPRINT TECHNOLOGIES INC",57560.85999999999,423.1989065853657,82,82,"Low Risk"
"JACK L MARCUS INC",24470.12,196.87486956521744,46,46,"Low Risk"
"JAG TEXTILE COMPANY",2017172.6498,24.277987090909093,110,110,"Medium Risk"
"JOHN E FOX INC",221409.76000000013,155.8679288702928,956,956,"Low Risk"
"JOHN E PEARSON",0,34.7,2,2,"Low Risk"
"JOHN R WALD COMPANY INC",287670.27999999985,288.7436220472441,254,254,"Low Risk"
"JOHNSON PLASTICS",1859.88,0.5166333333333333,6,6,"Low Risk"
"JUPITER ALUMINUM CORP",3602953.7999999984,1.053495263157895,38,38,"High Risk"
"KENT ADHESIVE PRODUCTS COMPANY",42889.67599999999,69.78049999999999,20,20,"Low Risk"
"KNOLL",590,33.666666666666664,6,6,"Low Risk"
"KOMO MACHINE INC",24283.38,12141.69,2,2,"Low Risk"
"KONICA MINOLTA BUSINESS SOLUTIONS USA",2910.42,139.5175,16,16,"Low Risk"
"KRUEGER INTERNATIONAL INC",13163045.98,218669.12799999994,60,60,"High Risk"
"KRUEGER INTERNATIONAL, INC.",25237.620000000003,148.365,8,8,"Low Risk"
"LD PRODUCTS INC DBA 4INKJETS COM",839.76,18.66,22,22,"Low Risk"
"LEE SPRING COMPANY LLC",2161.088,5.40272,4,4,"Low Risk"
"LEGGETT & PLATT INC",4938.32,302.38666666666666,6,6,"Low Risk"
"LIGHT CORPORATION",80314.93999999999,79.80687500000002,32,32,"Low Risk"
"LINDENMEYR MUNROE",7382.7,0.5679,2,2,"Low Risk"
"LINEAGE MECHANICAL LLC",4456,659,4,4,"Low Risk"
"LINKS CONTRACT FURNITURE INC",663280.9561399979,295.0823231666674,1560,1560,"Low Risk"
"LOADING DOCK EQUIPMENT CO INC",2840,710,4,4,"Low Risk"
"LUNDER MAUFACTURING INC",47248,0.8025,8,8,"Low Risk"
"MAGILL SERVICES INC",1140,570,2,2,"Low Risk"
"MAHARAM",319602.39999999997,50.755,80,80,"Low Risk"
"MAIL CALL DIRECT LLC",37157.56,530.8222857142857,70,70,"Low Risk"
"MANSFIELD OIL COMPANY",491189.8765199999,544.1049709836066,122,122,"Low Risk"
"MAYER-PAETZ INC",542778.5935000001,21.18119856164384,584,584,"Low Risk"
"MCCLURE INDUSTRIES INC",19458.3,559.6382352941176,34,34,"Low Risk"
"MCGEE INDUSTRIES INC",2494.2000000000003,136.52499999999998,8,8,"Low Risk"
"MCMASTER-CARR SUPPLY CO",2024.5200000000004,43.09733333333334,30,30,"Low Risk"
"MERIDIAN WASTE VIRGINIA",44244.840000000004,2194.1879999999996,20,20,"Low Risk"
"METRO INSTALLATION SERVICES INC",156872.47999999998,1426.1134545454547,110,110,"Low Risk"
"MOMENTUM TEXTILES INC",66170.40000000001,40.19444444444444,54,54,"Low Risk"
"MOORE & GILES INC",197703.12,1.9349999999999998,8,8,"Low Risk"
"MORSE WATCHMAN'S INC",3108.6000000000004,14.129999999999999,4,4,"Low Risk"
"MOUNTAIN GEAR",2155.5,537.3333333333333,12,12,"Low Risk"
"MSC INDUSTRIAL SUPPLY CO",51679.91,92.56023076923077,286,286,"Low Risk"
"MTS PARTNERS INC",2772,173.25,8,8,"Low Risk"
"NIGHTINGALE CORP",1850614.7,328.7535812806539,734,734,"Medium Risk"
"NORMAN SHATZ CO USA",51950.5,42.67592592592591,54,54,"Low Risk"
"NORTHERN TOOL & EQUIPMENT CATALOG CO INC",0,9.99,2,2,"Low Risk"
"NORTHWEST SCREEN SYSTEMS CO",2275,227.5,2,2,"Low Risk"
"NOTT RECYCLING INC",0,100,2,2,"Low Risk"
"O'SHEA LUMBER COMPANY",216227.502,3.109098333333333,36,36,"Low Risk"
"OCUCO INC",65026.340000000004,2668.4699999999993,22,22,"Low Risk"
"OLD DOMINION ELECTRICAL SUPPLY",146.64,1.64,12,12,"Low Risk"
"ONE SOURCE SUPPLY",168430.52000000002,150.3769677419354,310,310,"Low Risk"
"ONESOURCE MARKETING INC",2945.34,187.95,8,8,"Low Risk"
"OPEN PLAN SYSTEMS",2949.84,331.74,6,6,"Low Risk"
"OPTICAL WORKS CORPORATION",10868.36,618.0600000000001,6,6,"Low Risk"
"ORAFOL AMERICAS INC",0,0.00334,2,2,"Low Risk"
"OTTO INTERNATIONAL INC",3741,4.35,4,4,"Low Risk"
"OUTWATER PLASTIC",4900,350,2,2,"Low Risk"
"PACKAGING PROS PLUS",18459.039999999997,217.80846153846153,26,26,"Low Risk"
"PAMCO MACHINE CO. INC.",19057.44,482.85062500000004,32,32,"Low Risk"
"PETTUS ENTERPRISE LLC",5426,2713,2,2,"Low Risk"
"PHOENIX METALS",1960291.1565399992,3.0692146073298385,764,764,"Medium Risk"
"PINEHURST TECHNOLOGIES INC",1393980,97.68749999999999,16,16,"Medium Risk"
"PORT PLASTICS INC",3928.32,2.046,2,2,"Low Risk"
"PORTIONPAC CHEMICAL COPORATION",1042444.1651599994,10.754867011494264,348,348,"Medium Risk"
"POWHATAN AUTO AND TRACTOR PARTS INC",667.08,20.285,4,4,"Low Risk"
"PRATT INDUSTRIES - VIRGINIA BOX",19022.292,0.6596666666666666,6,6,"Low Risk"
"PREMIER BIOTECH",1071639.7811599998,2.763988909090907,330,330,"Medium Risk"
"PREMIER LINEN SERVICES LLC",5968.8,1575,6,6,"Low Risk"
"PRIME AIR PRODUCTS COMPANY",33730,16865,2,2,"Low Risk"
"PRINTERS SERVICE",12065.119999999997,63.94222222222223,18,18,"Low Risk"
"PRIORITY ELEVATOR",3365.8999999999996,419.98333333333335,6,6,"Low Risk"
"PROGRESSIVE SERVICE DIE CO",23225.379999999997,164.09540000000007,100,100,"Low Risk"
"PRUDENTIAL CLEANROOM SERVICES",13407.860000000002,131.62555555555556,72,72,"Low Risk"
"PRUDENTIAL OVERALL SUPPLY",1491.2,110.60449999999999,12,12,"Low Risk"
"PURITAN INDUSTRIES",1004.5,18.6925,8,8,"Low Risk"
"QUALITY TOOL GRINDING INC",60,30,2,2,"Low Risk"
"QUARLES PETROLEUM INC",4.32,2.16,2,2,"Low Risk"
"R & H SYSTEMS INC",99435,1912.2115384615388,52,52,"Low Risk"
"RADWELL INTERNATIONAL",9556.980000000003,281.08764705882356,34,34,"Low Risk"
"RE REPLACEMENT PARTS",26349.439520000018,83.05603546666664,150,150,"Low Risk"
"REEDS SAW & TOOL",34924.340000000004,215.3096428571429,112,112,"Low Risk"
"REFLECTIVE APPAREL FACTORY",1870.9,47.28333333333333,12,12,"Low Risk"
"RICHARDSON PRECISION INC",12116.88,3029.22,4,4,"Low Risk"
"RICHELIEU AMERICA LTD",6732.799999999999,0.5249999999999999,8,8,"Low Risk"
"RICHELIEU HARDWARE",286431.29999999993,5.913815789473684,76,76,"Low Risk"
"RIVERSIDE LOGISTICS",550000,1,2,2,"Low Risk"
"ROANOKE STAMP AND SEAL CO",455.34000000000015,22.12875,16,16,"Low Risk"
"ROCKY MOUNT CORD COMPANY",6610.2,0.11017,2,2,"Low Risk"
"S WALTER PACKAGING CORP",1763,4.3,2,2,"Low Risk"
"S&S ACTIVEWEAR LLC",43301.04000000001,810.6239999999997,50,50,"Low Risk"
"SAFETY STORAGE INC",100.76,50.38,2,2,"Low Risk"
"SAN MAR CORPORATION",2191970.149999976,356.84429084810733,4174,4174,"Medium Risk"
"SATISHLOH NORTH AMERICA INC",5223.499999999999,52.89266666666667,30,30,"Low Risk"
"SCHWEIZER EMBLEM CO",2500,1.25,2,2,"Low Risk"
"SEWN PRODUCTS EQUIPMENT COMPANY",794.6,13.450000000000003,20,20,"Low Risk"
"SHI INTERNATIONAL CORP-NON PUNCHOUT",179474.6,4118.833333333334,6,6,"Low Risk"
"SNAP OFFICE SUPPLIES LLC",22995.239999999994,30.67135135135136,370,370,"Low Risk"
"SOURCE PRO LLC",609173.307,90.98306845605708,842,842,"Low Risk"
"SOUTHWEST BINDING & LAMINATING",67493.82,42.67696195652174,184,184,"Low Risk"
"SPARKMAN FURNITURE SERVICES INC",709723.6599999999,4491.921898734176,158,158,"Low Risk"
"STANBEE COMPANY INC.",18780,18.78,2,2,"Low Risk"
"STATE NARROW FABRICS INC",70354,0.17928571428571433,28,28,"Low Risk"
"STERICYCLE INC",3487.5,4.65,2,2,"Low Risk"
"STILES MACHINERY",334552.32,9913.551874999997,32,32,"Low Risk"
"STRETCHLINE USA INC",27000,1.35,2,2,"Low Risk"
"SUBURBAN PROPANE LP",171.9,85.95,2,2,"Low Risk"
"SUN FABRICATORS INC",88020.35645999992,14.336867669683272,884,884,"Low Risk"
"SUPER OPTICAL INTERNATIONAL",105234.34000000003,406.39870588235283,170,170,"Low Risk"
"SUPERIOR GLOBAL SOLUTIONS INC",9216,11.52,2,2,"Low Risk"
"SUPERIOR PLUS PROPANE",1159.8000000000002,193.3,6,6,"Low Risk"
"SUPPLYONE WEYERS CAVE",29570.1,12.498666666666669,6,6,"Low Risk"
"SUSTAINABLE REFORM SOLUTIONS",121409.80000000002,20234.966666666664,6,6,"Low Risk"
"TABB TEXTILE CO INC",992131.5600000002,1.737575757575758,66,66,"Low Risk"
"TEC LIGHTING INC",1890,81,6,6,"Low Risk"
"TELETRAC NAVMAN US LTD",116370,92.4,10,10,"Low Risk"
"TEXPAK INC",6084.1,24.200000000000003,8,8,"Low Risk"
"THALHIMER HEADWEAR CORP",8352,7.25,4,4,"Low Risk"
"THE CFS GROUP LLC",4352.660000000001,135.33333333333334,24,24,"Low Risk"
"THE DESIGNTEX GROUP",70103.76,58.6636842105263,38,38,"Low Risk"
"THE HILSINGER COMPANY",2592.5,107,10,10,"Low Risk"
"THE LINCOLN ELECTRIC COMPANY",1100,110,2,2,"Low Risk"
"THE ROCKET SCIENCE GROUP LLC",1200,100,12,12,"Low Risk"
"THE SHERWIN WILLIAMS CO",20757,16.143333333333334,12,12,"Low Risk"
"THE SHERWIN-WILLIAMS CO",54147.38,276.32919999999984,50,50,"Low Risk"
"THE SUPPLY ROOM COMPANIES",13324.919999999998,28.92011494252873,174,174,"Low Risk"
"THUNDERCAT TECHNOLOGY LLC",865121.4800000001,108140.18500000001,8,8,"Low Risk"
"TOTAL PRINTING COMPANY",13822.740000000002,267.683638,10,10,"Low Risk"
"TOWNSEDGE HAREWARE",49.28,24.64,2,2,"Low Risk"
"TRANE  U.S. INC",4968.46,576.164,10,10,"Low Risk"
"TRI-CITY OFFICE PRODUCTS INC",19313.18,81.31257575757577,132,132,"Low Risk"
"TRI-STATE TECHNICAL SERVICES LLC",2109,99.75,4,4,"Low Risk"
"TRIAD TECHNOLOGY PARTNERS LLC",75590.28,11463.345,4,4,"Low Risk"
"TRIDENT PLASTICS INC",5179.392,0.00281,4,4,"Low Risk"
"TSRC - STATE OF VA",37737.45999999996,30.73620567375888,564,564,"Low Risk"
"TSRC - VSU",4243.389999999999,22.835736842105266,76,76,"Low Risk"
"TSRC- FRANK PARSONS",0,19.15,2,2,"Low Risk"
"TURBON USA INC",1937155.082000002,33.22001659276024,4420,4420,"Medium Risk"
"ULINE INC",35352.039999999986,108.59391304347828,92,92,"Low Risk"
"ULTRAFABRICS INC",900.8,56.3,2,2,"Low Risk"
"UNINET IMAGING INC",2776.83,0.9553461111111111,36,36,"Low Risk"
"UNIPUNCH PRODUCTS, INC.",11144.5,618.2,10,10,"Low Risk"
"UNITED PARCEL SERVICE",62120.520000000004,1,12,12,"Low Risk"
"UNIVERSAL SEWING SUPPLY INC",127.98,15.665,4,4,"Low Risk"
"UPS MAIL INNOVATIONS",294657.48,1,14,14,"Low Risk"
"US BUTTON",6331.54896,0.03494,10,10,"Low Risk"
"VA INDUSTRIES F T BLIND",67030.17999999995,8.89646840148698,538,538,"Low Risk"
"VCE - VA CORRECTIONAL ENT.-VCE INK ONLY",997.5,166.25,2,2,"Low Risk"
"VEOLIA ENVIRONMENTAL SERVICES CORP",4145.860000000001,118.71708333333336,24,24,"Low Risk"
"VEOLIA ENVIRONNEMENT NORTH AMERICA OPERA",120,60,2,2,"Low Risk"
"VEOLIA ES TECHNICAL SOLUTIONS LLC",1323.12,140.52,6,6,"Low Risk"
"VIRGINIA BUSINESS SYSTEMS",51725.64,12931.41,4,4,"Low Risk"
"VIRGINIA BUSINESS SYSTEMS - RICHMOND",825539.7040000001,13367.980125,16,16,"Low Risk"
"VIRGINIA DISTRIBUTION CENTER - VDC - DGS",133525.20000000024,48.19492072463767,552,552,"Low Risk"
"VIRGINIA DRY CLEANING EQUIPMENT, INC.",24454.66,143.8663333333333,24,24,"Low Risk"
"VIRGINIA INTERACTIVE LLC",62678,3917.3750000000005,16,16,"Low Risk"
"VIRGINIA TRAILER RENTALS",200000,1,4,4,"Low Risk"
"VMI FURNITURE SOLUTIONS",375727.1,4943.77763157895,76,76,"Low Risk"
"W W GRAINGER INC",373062.1864000005,58.67025631868137,2912,2912,"Low Risk"
"WATER GUARD",21924,14.5,2,2,"Low Risk"
"WATSON MACHINE CORPORATION",824984.8200000001,51126.86,16,16,"Low Risk"
"WESLEY ENTERPRISES INC",84,42,2,2,"Low Risk"
"WISE MANUFACTURING INC",16153.6,8076.8,2,2,"Low Risk"
"WOLF GORDON",4316.4,59.95,2,2,"Low Risk"
"WORKWEAR OUTFITTERS LLC",872599.8400000008,135.50706864563975,1078,1078,"Low Risk"
"WURTH WOOD GROUP DBA PLYWOOD & PLASTICS",389289.76000000024,1.6617794759825324,458,458,"Low Risk"
"XL4U LLC",408,204,2,2,"Low Risk"
"Z & T SALES LLC",238122.93600000002,66.29097560975607,82,82,"Low Risk"
